month,type,year_ship,buoy,time_port,time_anchor,time_trip,time_maneuver,v_trip,v_maneuver,v_max,P_main,P_aux,is_man,valve_type,rpm
7,container_ship,1994,0,214.04,208,0.24,5.8,9.87,5.22,13,24017.07965,4803.394908,FALSE,C3,113.6
12,container_ship,2022,0,35.75,29,0.24,6.51,9.87,4.65,14,40965.12535,8193.046379,FALSE,SV,106.4
6,container_ship,1990,0,235.67,229,0.25,6.42,9.42,4.72,13,39250.85197,7850.149252,FALSE,C3,120.5
7,container_ship,2007,0,62.02,55,0.25,6.77,9.63,4.47,14,26853.98261,5370.775501,FALSE,SV,116.3
7,container_ship,2021,0,128.13,122,0.25,5.88,9.54,5.15,14,27651.76303,5530.331585,TRUE,SV,131.1
5,container_ship,2000,0,285.37,279,0.23,6.14,10.3,4.93,13,28490.75935,5698.129381,TRUE,SV,128
7,container_ship,2010,0,216.82,210,0.22,6.6,10.52,4.59,13,51537.87636,10307.55425,FALSE,C3,113.3
5,container_ship,2015,0,105.39,99,0.24,6.15,9.95,4.92,12,48680.53177,9736.061375,TRUE,C3,114.2
7,container_ship,2014,0,206.02,200,0.23,5.79,10.11,5.23,13,54610.64484,10922.12897,TRUE,C3,109.1
6,container_ship,2011,0,315.32,310,0.24,5.08,9.92,5.96,15,62180.78888,12436.11549,FALSE,C3,109.6
7,container_ship,2016,0,283.75,278,0.25,5.5,9.59,5.51,13,36535.92566,7307.206154,FALSE,C3,110.9
5,container_ship,2002,0,221.07,213,0.23,7.84,10.43,3.86,13,17093.71345,3418.787669,TRUE,SV,113.3
9,container_ship,2022,0,337.14,331,0.23,5.91,10.33,5.12,15,13993.96148,2798.811856,FALSE,SV,122.5
3,container_ship,2023,0,155.56,150,0.26,5.3,9.05,5.71,13,30490.76053,6098.175389,FALSE,SV,120.3
7,container_ship,2024,0,317.23,310,0.24,6.99,9.86,4.33,12,59662.30817,11932.44061,FALSE,SV,94.6
8,container_ship,1990,0,282.98,277,0.25,5.73,9.56,5.28,13,35900.89013,7180.139333,TRUE,SV,102.2
8,container_ship,2010,0,242.44,236,0.24,6.2,9.8,4.88,13,24227.0213,4845.442952,FALSE,SV,114.1
11,container_ship,1995,0,278.67,273,0.24,5.43,9.66,5.58,14,36184.57348,7236.914696,TRUE,SV,117.6
12,container_ship,2017,0,113.06,107,0.24,5.82,9.98,5.2,12,43396.58534,8679.29576,TRUE,C3,125.7
10,container_ship,2006,0,42.88,36,0.24,6.64,9.84,4.56,13,51579.26405,10315.82901,TRUE,SV,119.8
10,container_ship,1994,0,74.42,68,0.24,6.18,9.82,4.9,13,23073.07366,4614.59093,FALSE,C3,120.3
7,container_ship,2020,0,156.36,150,0.22,6.14,10.55,4.93,13,61906.81451,12381.3629,FALSE,SV,106.6
6,container_ship,1994,0,143.36,137,0.23,6.13,10.28,4.94,14,40326.96787,8065.372433,FALSE,SV,119
8,container_ship,1992,0,304.69,299,0.24,5.45,9.65,5.56,13,17907.78675,3581.557349,FALSE,C3,120.3
12,container_ship,2012,0,234.85,228,0.24,6.61,9.72,4.58,13,58484.69909,11696.93982,FALSE,SV,105
7,container_ship,1999,0,301.74,296,0.23,5.51,10.25,5.5,15,16378.77886,3275.734749,TRUE,C3,115.2
6,container_ship,1999,0,87.47,81,0.23,6.24,10.25,4.85,14,58743.77193,11748.79667,TRUE,SV,115
2,container_ship,2008,0,248.17,242,0.24,5.93,9.7,5.11,12,62929.53456,12585.86484,TRUE,C3,101.2
9,container_ship,2006,0,138.25,132,0.24,6.01,9.88,5.04,14,44618.14867,8923.590614,FALSE,SV,107
8,container_ship,2010,0,308.29,302,0.22,6.07,10.92,4.99,15,47380.23316,9476.046633,TRUE,C3,110.8
4,container_ship,2003,0,203.31,197,0.24,6.07,9.71,4.99,14,32075.81766,6415.163531,TRUE,C3,111
12,container_ship,1998,0,292.5,287,0.22,5.28,10.96,5.73,13,60936.40171,12187.23773,FALSE,SV,94.5
4,container_ship,1990,0,139.81,134,0.22,5.59,10.55,5.42,15,42584.52934,8516.951381,FALSE,SV,113.7
4,container_ship,2002,0,216.5,210,0.22,6.28,10.86,4.82,14,53653.61917,10730.70108,TRUE,C3,100.1
7,container_ship,1993,0,297.47,292,0.24,5.23,9.69,5.79,12,59236.72017,11847.30199,TRUE,SV,109.9
6,container_ship,1990,0,258.13,252,0.24,5.89,9.92,5.14,12,62165.88394,12433.15565,FALSE,C3,103.8
5,container_ship,2021,0,185.09,179,0.24,5.85,9.78,5.18,12,58466.52052,11693.34908,FALSE,SV,105.2
12,container_ship,2023,0,218.83,212,0.22,6.61,10.56,4.58,15,28280.87769,5656.218154,FALSE,C3,120.6
6,container_ship,2017,0,301.61,295,0.24,6.37,9.72,4.75,12,61727.93225,12345.62873,FALSE,SV,101.7
4,container_ship,2020,0,31.73,25,0.23,6.5,10.37,4.66,13,47958.92558,9591.739602,TRUE,C3,112.7
6,container_ship,1997,0,275.24,269,0.23,6.01,10.34,5.04,15,59906.04054,11981.25039,TRUE,SV,106.9
3,container_ship,2015,0,238.93,233,0.24,5.69,9.98,5.32,13,51749.04371,10349.80874,FALSE,C3,112.9
7,container_ship,2023,0,315.07,309,0.22,5.85,10.65,5.18,13,28114.13933,5622.827865,TRUE,C3,125.2
11,container_ship,1992,0,41.46,36,0.23,5.23,10.05,5.79,12,34560.21593,6911.996735,TRUE,SV,126.1
12,container_ship,2001,0,125.87,119,0.23,6.64,10.42,4.56,13,40935.50718,8187.080129,FALSE,SV,104.6
11,container_ship,1990,0,250.22,244,0.24,5.98,9.75,5.06,12,57970.45049,11594.04365,TRUE,C3,105.9
12,container_ship,1994,0,268.18,261,0.24,6.94,9.64,4.36,14,29046.26234,5809.209852,TRUE,C3,131.3
10,container_ship,2019,0,123.9,117,0.23,6.67,10.37,4.54,13,47396.78524,9479.333247,TRUE,C3,113.4
3,container_ship,2019,0,297.61,292,0.23,5.38,10.22,5.63,13,33282.45922,6656.491844,FALSE,C3,110.3
9,container_ship,2006,0,200.58,194,0.23,6.35,10.12,4.77,14,50032.68626,10006.55681,FALSE,SV,108.2
6,container_ship,2012,0,123.82,117,0.24,6.58,9.83,4.6,14,36366.90362,7273.401867,TRUE,C3,105.5
3,container_ship,2004,0,179.91,172,0.22,7.69,10.77,3.94,14,18256.69196,3651.291827,FALSE,C3,120
9,container_ship,2010,0,141.85,135,0.25,6.6,9.44,4.59,13,19531.63231,3906.326462,FALSE,C3,130.7
1,container_ship,2003,0,84.43,78,0.25,6.18,9.41,4.9,12,14840.23187,2968.046373,FALSE,SV,128.7
3,container_ship,1991,0,146.24,139,0.23,7.01,10.47,4.32,14,41869.65966,8373.931931,TRUE,C3,109
8,container_ship,2000,0,172.45,166,0.23,6.22,10.43,4.87,14,16545.04219,3308.969746,TRUE,SV,139.1
10,container_ship,2023,0,229.6,224,0.23,5.37,10.18,5.64,13,20800.76607,4160.105611,FALSE,SV,135.9
11,container_ship,2023,0,209.75,203,0.24,6.51,9.86,4.65,15,66389.05396,13277.85724,TRUE,SV,102.3
10,container_ship,2007,0,231.91,225,0.23,6.68,10.25,4.53,12,64129.43762,12825.91132,TRUE,SV,99.8
11,container_ship,2019,0,83.04,76,0.22,6.82,10.86,4.44,15,39134.38265,7826.830079,TRUE,SV,124
2,container_ship,2004,0,210.05,203,0.21,6.84,11.26,4.43,14,62386.32413,12477.22276,TRUE,SV,107.5
6,container_ship,2016,0,337.01,331,0.26,5.75,9.17,5.27,14,12694.57359,2538.914717,TRUE,SV,130.3
9,container_ship,2023,0,166.27,160,0.24,6.03,9.79,5.02,14,40559.64165,8111.928329,FALSE,C3,119.7
3,container_ship,2022,0,210.77,205,0.24,5.53,9.76,5.48,14,48414.51149,9682.879016,TRUE,C3,117.6
7,container_ship,2013,0,29.26,24,0.22,5.04,10.81,6.01,13,35692.31754,7138.505551,TRUE,SV,107.6
11,container_ship,2004,0,74.69,67,0.27,7.42,8.76,4.08,12,36060.90028,7212.180055,TRUE,C3,123
5,container_ship,2019,0,256.06,250,0.23,5.83,10.26,5.19,14,38073.44026,7614.710542,FALSE,C3,112.4
2,container_ship,2006,0,128.06,121,0.24,6.82,9.87,4.44,14,33568.72171,6713.723307,FALSE,SV,125
4,container_ship,1994,0,236.84,231,0.22,5.62,10.82,5.39,14,53550.07722,10709.99269,FALSE,C3,109.6
7,container_ship,2018,0,294.45,288,0.22,6.23,10.75,4.86,14,19442.1926,3888.417498,TRUE,SV,112.7
6,container_ship,1993,0,317.27,311,0.23,6.04,10.18,5.01,13,22713.33952,4542.62562,FALSE,C3,122.9
1,container_ship,1999,0,301.2,294,0.26,6.94,9.21,4.36,12,20536.52364,4107.324603,FALSE,SV,120.5
12,container_ship,2006,0,169.56,163,0.24,6.32,9.71,4.79,13,26207.39271,5241.457233,FALSE,SV,117.4
3,container_ship,1999,0,266.25,260,0.24,6.01,9.77,5.04,12,43320.04846,8664.032975,FALSE,C3,113.2
7,container_ship,2006,0,100.58,95,0.25,5.33,9.34,5.68,14,18223.86943,3644.773886,TRUE,C3,120.5
12,container_ship,2009,0,184.8,178,0.22,6.58,10.58,4.6,15,57182.35193,11436.44908,FALSE,SV,115.1
7,container_ship,2013,0,219.67,213,0.25,6.42,9.27,4.72,14,27615.81562,5523.184145,FALSE,SV,110.2
11,container_ship,1994,0,296.75,291,0.21,5.54,10.98,5.47,14,22994.85517,4599.017484,TRUE,SV,130.7
4,container_ship,2023,0,136.84,130,0.21,6.63,10.98,4.57,16,50553.27728,10110.70097,TRUE,C3,118.7
11,container_ship,1995,0,260.68,255,0.24,5.44,9.81,5.57,14,16057.89155,3211.555084,FALSE,C3,133.6
6,container_ship,1991,0,71.29,65,0.23,6.06,10.16,5,14,44142.42244,8828.484488,TRUE,C3,112.2
10,container_ship,2002,0,219.12,213,0.24,5.88,9.96,5.15,14,54163.96336,10832.79267,FALSE,C3,119.5
12,container_ship,2000,0,168.08,162,0.23,5.85,10.45,5.18,13,23775.50656,4755.101312,TRUE,SV,117.4
12,container_ship,2012,0,132.68,126,0.22,6.46,10.64,4.69,15,14930.86044,2986.214704,TRUE,SV,113.1
4,container_ship,2005,0,200.06,194,0.23,5.83,10.13,5.19,14,33514.59566,6702.919133,FALSE,SV,118.1
7,container_ship,2020,0,302.8,296,0.23,6.57,10.23,4.61,12,17587.43196,3517.486391,TRUE,SV,111.1
3,container_ship,2000,0,250.61,244,0.24,6.37,9.69,4.75,13,20478.08366,4095.640015,FALSE,C3,139
4,container_ship,2005,0,241.96,236,0.23,5.73,10.22,5.28,15,27540.45258,5508.090516,TRUE,SV,111.5
2,container_ship,1997,0,85.11,79,0.23,5.88,10.08,5.15,15,27536.50926,5507.301851,FALSE,SV,127.9
3,container_ship,1993,0,131.35,125,0.25,6.1,9.54,4.96,14,43583.37453,8716.651623,TRUE,C3,122.8
9,container_ship,1993,0,222.17,215,0.24,6.93,9.99,4.37,14,43583.49687,8716.738495,TRUE,C3,103.5
6,container_ship,2014,0,339.97,333,0.24,6.73,9.81,4.5,13,42762.39364,8552.478729,TRUE,SV,112.2
2,container_ship,1992,0,229.13,223,0.24,5.89,9.7,5.14,12,20110.14435,4022.070938,TRUE,C3,114.2
10,container_ship,2021,0,261.89,256,0.25,5.64,9.43,5.37,12,24110.80919,4822.138036,TRUE,SV,122.8
3,container_ship,1992,0,257.04,250,0.24,6.8,10.03,4.45,12,63073.57799,12614.73888,FALSE,C3,95.9
5,container_ship,2016,0,168.86,162,0.25,6.61,9.61,4.58,13,43631.23326,8726.269142,TRUE,C3,121.3
5,container_ship,2018,0,334.21,328,0.24,5.97,9.76,5.07,12,60449.2217,12089.84434,FALSE,SV,118.1
9,container_ship,2021,0,178.2,172,0.22,5.98,10.54,5.06,14,29178.56962,5835.674804,FALSE,C3,106.4
9,container_ship,2008,0,145.46,138,0.23,7.23,10.32,4.19,15,40579.39774,8115.840426,FALSE,SV,105.9
12,container_ship,2010,0,92.21,86,0.25,5.96,9.51,5.08,13,39564.54815,7912.952246,TRUE,C3,122.4
9,container_ship,1994,0,133.67,127,0.23,6.44,10.18,4.7,15,26717.56732,5343.533025,FALSE,C3,113.4
7,container_ship,2007,0,184.43,179,0.23,5.2,10.07,5.82,14,36321.50246,7264.321515,TRUE,C3,124.1
6,container_ship,2017,0,302.13,296,0.22,5.91,10.85,5.12,14,38181.60714,7636.300286,FALSE,C3,115.1
7,container_ship,2011,0,35.03,29,0.22,5.81,10.69,5.21,14,22742.52295,4548.50459,FALSE,C3,118.5
3,container_ship,2010,0,176.06,170,0.26,5.8,9.23,5.22,11,31571.77108,6314.354217,FALSE,SV,122
8,container_ship,1995,0,214.13,207,0.23,6.9,10.43,4.39,13,48353.53922,9670.669152,FALSE,C3,105.6
2,container_ship,1990,0,56.29,51,0.22,5.07,10.63,5.97,15,58851.61759,11770.36559,FALSE,SV,110
4,container_ship,1994,0,68.46,61,0.23,7.23,10.28,4.19,12,33304.21207,6660.819658,TRUE,C3,128.7
6,container_ship,2001,0,147.85,142,0.24,5.61,9.83,5.4,12,28260.939,5652.145517,FALSE,SV,109.9
2,container_ship,2015,0,321.91,316,0.21,5.7,11.21,5.31,14,22474.6084,4494.921681,FALSE,C3,108
12,container_ship,2023,0,273.59,267,0.23,6.36,10.33,4.76,15,47482.40124,9496.45894,TRUE,SV,118.5
5,container_ship,2003,0,96.89,91,0.21,5.68,10.99,5.33,15,30933.37705,6186.720389,TRUE,SV,125.6
1,container_ship,2015,0,243.48,237,0.22,6.26,10.68,4.84,15,59042.91539,11808.58308,TRUE,C3,93.4
3,container_ship,2016,0,247.73,241,0.23,6.5,10.23,4.66,13,32168.27098,6433.677479,FALSE,C3,126.9
4,container_ship,1998,0,206.03,200,0.24,5.79,9.71,5.23,14,35179.80058,7035.960116,FALSE,C3,118.1
12,container_ship,2015,0,328.97,322,0.24,6.73,9.99,4.5,14,43638.85771,8727.771542,FALSE,SV,108
6,container_ship,2011,0,193.43,187,0.24,6.19,9.89,4.89,14,53362.66386,10672.57506,FALSE,SV,115.5
5,container_ship,2019,0,87.69,81,0.25,6.44,9.39,4.7,14,38836.40689,7767.303867,FALSE,C3,107.5
10,container_ship,2006,0,298.5,292,0.23,6.27,10.33,4.83,13,38424.18111,7684.836222,FALSE,C3,124.7
4,container_ship,2015,0,337.02,331,0.22,5.8,10.78,5.22,16,68031.15884,13606.20901,TRUE,SV,94.5
7,container_ship,1990,0,87.68,81,0.24,6.44,9.85,4.7,15,13142.56525,2628.471005,TRUE,SV,127.1
9,container_ship,1997,0,317.39,311,0.21,6.18,11.08,4.9,13,53755.24197,10751.02883,FALSE,C3,99.3
5,container_ship,2024,0,134.63,128,0.26,6.37,9.22,4.75,13,21543.88356,4308.821692,FALSE,SV,122.5
12,container_ship,2004,0,256.51,251,0.22,5.29,10.53,5.72,15,52976.46524,10595.31436,FALSE,C3,114.3
9,container_ship,2011,0,276.08,270,0.22,5.86,10.84,5.17,13,40745.17284,8148.995447,FALSE,C3,104.5
3,container_ship,2003,0,217.17,211,0.24,5.93,9.9,5.11,14,33071.40256,6614.233947,FALSE,C3,122.5
7,container_ship,2015,0,111.91,106,0.24,5.67,9.91,5.34,15,56702.32209,11340.46442,TRUE,SV,105.8
7,container_ship,2017,0,215.66,209,0.22,6.44,10.52,4.7,14,13264.28194,2652.856388,TRUE,SV,113.5
8,container_ship,2012,0,280.81,275,0.23,5.58,10.25,5.43,13,22133.1848,4426.598267,FALSE,SV,128.1
2,container_ship,2003,0,267.12,261,0.26,5.86,9,5.17,13,41238.66364,8247.753762,TRUE,SV,105.6
4,container_ship,2013,0,214.43,207,0.25,7.18,9.58,4.22,12,32853.52012,6570.704024,FALSE,C3,120.3
12,container_ship,1991,0,314.3,307,0.24,7.06,9.99,4.29,14,43999.07006,8799.792704,FALSE,SV,110.6
3,container_ship,2015,0,239.68,233,0.25,6.43,9.32,4.71,12,15316.79961,3063.406486,FALSE,C3,123.9
7,container_ship,2003,0,334.22,327,0.24,6.98,9.76,4.34,14,18488.74514,3697.749029,TRUE,C3,117.5
9,container_ship,1996,0,325.45,319,0.25,6.2,9.33,4.88,13,17702.82486,3540.545411,TRUE,C3,124.5
2,container_ship,1992,0,126.98,120,0.24,6.74,9.81,4.49,14,22176.02672,4435.184309,FALSE,SV,123.6
5,container_ship,2012,0,237.36,231,0.24,6.12,9.83,4.95,14,38286.53116,7657.328722,TRUE,C3,122.4
9,container_ship,2007,0,165.53,160,0.23,5.3,10.18,5.71,14,47045.11573,9408.984025,TRUE,C3,112
7,container_ship,2024,0,213.32,207,0.24,6.08,9.95,4.98,14,58299.88001,11659.99702,FALSE,SV,104.5
4,container_ship,2004,0,105.47,99,0.23,6.24,10.25,4.85,13,59278.22283,11855.66732,TRUE,C3,96.4
3,container_ship,2014,0,316.06,310,0.23,5.83,10.19,5.19,14,24971.27386,4994.23149,TRUE,SV,111.7
2,container_ship,2017,0,171.73,165,0.22,6.51,10.52,4.65,13,34890.83173,6978.124278,FALSE,SV,106.9
6,container_ship,1999,0,265.82,260,0.23,5.59,10.44,5.42,15,22803.29773,4560.70183,FALSE,SV,111.3
12,container_ship,2006,0,54,48,0.23,5.77,10.38,5.25,13,26309.67128,5261.912948,TRUE,C3,117.5
8,container_ship,2011,0,319.23,313,0.2,6.03,11.55,5.02,15,34987.8474,6997.608173,FALSE,SV,113.7
12,container_ship,2015,0,96.19,90,0.23,5.96,10.17,5.08,14,16267.83316,3253.524015,TRUE,SV,118.1
7,container_ship,2014,0,278.24,273,0.21,5.03,11.3,6.02,15,23620.60696,4724.142413,FALSE,SV,110.5
10,container_ship,2006,0,146.77,141,0.23,5.54,10.21,5.47,12,67712.48135,13542.44867,FALSE,SV,92.7
1,container_ship,2002,0,101.2,96,0.24,4.96,9.96,6.1,14,34160.06121,6831.992366,FALSE,C3,107.5
7,container_ship,2009,0,310.99,305,0.24,5.75,9.81,5.27,14,35084.04938,7016.788855,FALSE,SV,105.8
12,container_ship,2014,0,40.33,33,0.22,7.11,10.75,4.26,15,13529.75053,2705.907491,TRUE,C3,129.7
12,container_ship,1993,0,240.44,234,0.22,6.22,10.82,4.87,14,25436.68104,5087.293593,FALSE,SV,120.8
11,container_ship,1999,0,182.53,175,0.23,7.3,10.3,4.15,14,62222.13788,12444.42758,FALSE,C3,96.9
3,container_ship,1992,0,33.98,28,0.22,5.76,10.57,5.26,14,23168.73592,4633.700619,FALSE,SV,123.4
9,container_ship,2007,0,223.89,218,0.25,5.64,9.36,5.37,13,31224.40065,6244.880129,TRUE,C3,111
8,container_ship,2011,0,312.9,306,0.26,6.64,9.23,4.56,13,12273.11659,2454.642665,TRUE,SV,120.2
2,container_ship,2023,0,142.7,136,0.22,6.48,10.62,4.67,14,36768.03656,7353.586278,FALSE,C3,106
5,container_ship,1997,0,300.21,294,0.24,5.97,9.94,5.07,13,14628.4935,2925.6987,FALSE,C3,125
9,container_ship,2008,0,193.11,186,0.23,6.88,10.37,4.4,12,50213.03392,10042.6459,FALSE,C3,114.8
10,container_ship,1995,0,135.18,128,0.24,6.94,9.64,4.36,12,61398.95551,12279.7911,FALSE,SV,101.9
7,container_ship,2015,0,209.61,204,0.22,5.39,10.83,5.62,13,52356.67866,10471.31471,FALSE,C3,100.6
8,container_ship,2023,0,73.24,67,0.26,5.98,9.23,5.06,13,24764.55477,4952.910954,FALSE,C3,131.7
8,container_ship,1995,0,311.67,305,0.25,6.42,9.31,4.72,13,50481.32826,10096.285,TRUE,C3,104.7
8,container_ship,2022,0,205.52,198,0.22,7.3,10.72,4.15,13,36819.54324,7363.927994,FALSE,C3,107.7
7,container_ship,2011,0,190.85,185,0.27,5.58,8.7,5.43,14,31472.70029,6294.582102,FALSE,SV,127.2
7,container_ship,2010,0,169.73,163,0.23,6.5,10.19,4.66,12,44162.55931,8832.553905,FALSE,C3,121.1
8,container_ship,1995,0,160.35,155,0.24,5.11,9.95,5.93,14,12180.73861,2436.167068,FALSE,C3,122.5
9,container_ship,1995,0,115.83,110,0.25,5.58,9.63,5.43,14,18447.59028,3689.498496,FALSE,C3,118.9
7,container_ship,1993,0,205.82,199,0.24,6.58,9.9,4.6,13,50063.71689,10012.72236,FALSE,SV,102.2
6,container_ship,2019,0,212.78,206,0.25,6.53,9.58,4.64,12,25073.92344,5014.826971,TRUE,C3,106.4
12,container_ship,2000,0,157.39,152,0.22,5.17,10.77,5.86,15,43366.54101,8673.32951,TRUE,C3,112.9
8,container_ship,2019,0,275.32,269,0.22,6.1,10.9,4.96,14,29488.31028,5897.681402,TRUE,C3,108.3
5,container_ship,2020,0,118.63,112,0.24,6.39,9.66,4.74,14,59632.50444,11926.45591,TRUE,C3,104.1
12,container_ship,2013,0,95.27,89,0.23,6.04,10.14,5.01,14,61490.62372,12298.14605,TRUE,SV,111
5,container_ship,1998,0,187.64,181,0.25,6.39,9.34,4.74,14,61184.75077,12236.92766,TRUE,C3,111.1
6,container_ship,1992,0,178.13,172,0.22,5.91,10.54,5.12,13,26416.4256,5283.327403,FALSE,C3,115.7
11,container_ship,2020,0,145.32,139,0.22,6.1,10.52,4.96,15,24757.63382,4951.573213,FALSE,SV,122.3
12,container_ship,2013,0,242.81,237,0.24,5.57,9.85,5.44,14,37047.11024,7409.443355,FALSE,SV,109.8
11,container_ship,2020,0,323.54,317,0.24,6.3,10.01,4.81,14,14343.76931,2868.753862,FALSE,SV,134.7
6,container_ship,1995,0,282.88,276,0.24,6.64,9.95,4.56,13,13994.68651,2798.958443,FALSE,C3,122.8
8,container_ship,1991,0,172.53,166,0.26,6.27,9.19,4.83,13,37297.49049,7459.498098,FALSE,SV,101.5
3,container_ship,2009,0,279.5,273,0.22,6.28,10.77,4.82,14,43051.3674,8610.250197,TRUE,C3,103.7
4,container_ship,2017,0,331.35,325,0.25,6.1,9.62,4.96,14,67973.47118,13594.71699,FALSE,SV,99.4
12,container_ship,2000,0,53.94,48,0.25,5.69,9.62,5.32,13,23106.86039,4621.393386,TRUE,C3,118.5
5,container_ship,1993,0,305.96,300,0.24,5.72,9.92,5.29,15,27425.1924,5485.038481,TRUE,SV,127.1
6,container_ship,2004,0,98.63,93,0.22,5.41,10.5,5.6,13,18446.19111,3689.238223,FALSE,C3,127.6
3,container_ship,1995,0,142.84,136,0.24,6.6,9.7,4.59,14,65240.25561,13048.02784,FALSE,SV,101
1,container_ship,2019,0,141.09,135,0.26,5.83,9.02,5.19,14,49028.41727,9805.703329,FALSE,C3,103
3,container_ship,1991,0,331.9,326,0.25,5.65,9.56,5.36,14,59920.41713,11984.12999,FALSE,C3,95.8
10,container_ship,2004,0,120.73,114,0.23,6.5,10.21,4.66,14,65849.43666,13169.83973,FALSE,C3,109
7,container_ship,2000,0,47.39,41,0.21,6.18,11.09,4.9,14,39095.65511,7819.088978,FALSE,C3,126
9,container_ship,1997,0,179.58,172,0.25,7.33,9.37,4.13,14,32917.65395,6583.56991,FALSE,C3,127.3
8,container_ship,2015,0,255.81,250,0.25,5.56,9.35,5.45,12,26948.06079,5389.650851,TRUE,C3,127
7,container_ship,1994,0,243.45,237,0.26,6.19,9.24,4.89,13,42340.48769,8468.139582,FALSE,C3,101.8
5,container_ship,1995,0,179.87,174,0.26,5.61,9.18,5.4,13,38013.84228,7602.790945,FALSE,C3,106.2
4,container_ship,2015,0,221.16,215,0.22,5.94,10.6,5.1,15,38316.32526,7663.242295,TRUE,SV,120.7
2,container_ship,1993,0,69.39,63,0.22,6.17,10.75,4.91,13,59918.79208,11983.75842,FALSE,C3,112.5
2,container_ship,2008,0,272.44,265,0.23,7.21,10.09,4.2,14,62296.71807,12459.34361,FALSE,C3,95.7
2,container_ship,2009,0,168.3,161,0.24,7.06,9.77,4.29,14,52828.97574,10565.83722,TRUE,SV,97.2
3,container_ship,2022,0,211.4,203,0.22,8.18,10.9,3.7,13,56255.85423,11251.19413,FALSE,C3,114.7
5,container_ship,2009,0,229.65,223,0.23,6.42,10.09,4.72,15,50227.38054,10045.52109,FALSE,SV,102.2
5,container_ship,2001,0,231.15,226,0.22,4.93,10.54,6.14,13,22457.86923,4491.551356,FALSE,C3,123
11,container_ship,1990,0,91.18,84,0.24,6.94,9.74,4.36,13,17229.59356,3445.895486,FALSE,SV,129.1
3,container_ship,2015,0,223.47,215,0.24,8.23,10.02,3.68,12,52566.14613,10513.25251,FALSE,SV,102.6
1,container_ship,2003,0,33.78,28,0.25,5.53,9.38,5.48,12,46689.83603,9337.927454,FALSE,C3,98.6
9,container_ship,2000,0,265.13,260,0.23,4.9,10.31,6.18,15,13941.44158,2788.249195,TRUE,SV,133.4
11,container_ship,2002,0,210.11,204,0.23,5.88,10.1,5.15,13,65664.66574,13132.93315,FALSE,C3,105.7
5,container_ship,1992,0,340.14,334,0.25,5.89,9.55,5.14,13,18413.30274,3682.705528,FALSE,C3,133.3
6,container_ship,2022,0,66.49,60,0.25,6.24,9.56,4.85,12,27191.69417,5438.29655,TRUE,C3,116.2
7,container_ship,1995,0,86.61,79,0.22,7.39,10.81,4.1,15,46536.87576,9307.333109,TRUE,C3,102.4
9,container_ship,1999,0,267.3,260,0.21,7.09,10.99,4.27,15,19711.00195,3942.21995,FALSE,SV,128.3
6,container_ship,1994,0,226.5,220,0.24,6.26,9.89,4.84,13,15496.91471,3099.382942,TRUE,C3,125.4
8,container_ship,2012,0,102.61,96,0.24,6.37,10.03,4.75,13,26983.07737,5396.615474,FALSE,SV,112.6
5,container_ship,1999,0,88.36,82,0.23,6.13,10.2,4.94,15,54837.56562,10967.49063,FALSE,SV,113.6
8,container_ship,1991,0,268.83,263,0.23,5.6,10.07,5.41,13,30815.16768,6163.01419,TRUE,C3,105.4
10,container_ship,2002,0,31.69,25,0.26,6.43,9.16,4.71,13,51580.57312,10316.06702,FALSE,C3,106.9
3,container_ship,1991,0,216.82,211,0.23,5.59,10.21,5.42,13,46357.61128,9271.47569,FALSE,C3,103.9
12,container_ship,2009,0,336.69,330,0.26,6.43,8.96,4.71,13,13921.07261,2784.214523,TRUE,C3,124
7,container_ship,1990,0,58.74,53,0.25,5.49,9.63,5.52,13,62487.43888,12497.5088,TRUE,SV,102.9
8,container_ship,1998,0,296.24,290,0.23,6.01,10.25,5.04,14,13531.19834,2706.239669,TRUE,C3,129.4
3,container_ship,2006,0,137.56,131,0.23,6.33,10.3,4.78,13,68048.60135,13609.72027,TRUE,SV,108.6
2,container_ship,1998,0,119.27,113,0.25,6.02,9.59,5.03,15,40378.99238,8075.798477,FALSE,C3,119.4
1,container_ship,2000,0,234.48,228,0.24,6.24,9.77,4.85,13,57869.84838,11573.9498,TRUE,C3,93.8
11,container_ship,2004,0,249.22,243,0.24,5.98,9.7,5.06,14,20331.41044,4066.235639,TRUE,C3,115
6,container_ship,2013,0,122.87,117,0.24,5.63,9.95,5.38,13,37568.49591,7513.678041,TRUE,C3,99.2
12,container_ship,2024,0,132.34,126,0.24,6.1,9.99,4.96,13,21453.14372,4290.586127,TRUE,SV,113.4
6,container_ship,2019,0,252.51,246,0.23,6.28,10.33,4.82,15,15271.54348,3054.35098,TRUE,SV,130.5
9,container_ship,2020,0,216.06,209,0.24,6.82,9.74,4.44,13,40726.29697,8145.278955,FALSE,C3,112.2
6,container_ship,1994,0,212.95,207,0.23,5.72,10.19,5.29,15,23228.03582,4645.586022,TRUE,SV,128.7
4,container_ship,2003,0,191.09,185,0.23,5.86,10.25,5.17,15,45751.32013,9150.264025,FALSE,SV,108.6
7,container_ship,2000,0,277.1,270,0.23,6.87,10.1,4.41,15,18282.20515,3656.441031,TRUE,C3,115.9
7,container_ship,1998,0,59.83,54,0.24,5.59,9.87,5.42,12,29362.734,5872.567822,TRUE,C3,122.3
2,container_ship,2023,0,82.11,75,0.23,6.88,10.09,4.4,14,52079.20863,10415.86276,TRUE,SV,95.7
8,container_ship,2001,0,104.73,99,0.23,5.5,10.38,5.51,14,31900.39136,6380.078272,TRUE,SV,119.9
7,container_ship,2024,0,306.9,301,0.23,5.67,10.42,5.34,15,44284.48622,8856.939289,TRUE,SV,120.6
1,container_ship,2024,0,69.03,63,0.22,5.81,10.91,5.21,15,42810.38695,8562.077389,TRUE,SV,108
2,container_ship,1990,0,130.55,124,0.25,6.3,9.5,4.81,14,55215.21028,11042.99999,TRUE,C3,108
7,container_ship,2011,0,139.96,134,0.24,5.72,9.78,5.29,13,29006.30799,5801.303643,TRUE,C3,121.9
6,container_ship,2018,0,277.73,272,0.26,5.47,9.19,5.54,13,47558.61475,9511.680667,FALSE,SV,102.1
9,container_ship,1997,0,219.94,214,0.23,5.71,10.47,5.3,13,56879.54028,11375.8885,TRUE,C3,108
12,container_ship,2000,0,211.74,205,0.24,6.5,9.83,4.66,14,50128.96585,10025.75055,FALSE,SV,101.9
7,container_ship,2003,0,238.13,232,0.23,5.9,10.1,5.13,13,37328.3455,7465.711143,TRUE,SV,103.2
3,container_ship,2019,0,50.68,45,0.24,5.44,9.7,5.57,13,49212.87143,9842.597568,FALSE,C3,114.6
7,container_ship,2024,0,194.2,189,0.24,4.96,9.84,6.1,14,49932.0148,9986.445004,TRUE,SV,115.7
7,container_ship,2010,0,128.4,122,0.22,6.18,10.61,4.9,14,43503.94375,8700.746706,TRUE,SV,109.8
11,container_ship,1994,0,236.81,231,0.23,5.58,10.35,5.43,13,14864.47415,2972.918054,TRUE,C3,123.4
6,container_ship,2008,0,36.68,31,0.24,5.44,9.94,5.57,14,22567.88417,4513.555691,FALSE,C3,136.2
5,container_ship,2003,0,219.83,213,0.23,6.6,10.38,4.59,14,57239.36432,11447.87286,FALSE,SV,112.9
5,container_ship,2015,0,203.37,198,0.23,5.14,10.39,5.89,14,28210.31149,5642.017318,FALSE,SV,117.7
12,container_ship,1993,0,303.01,296,0.24,6.77,9.8,4.47,12,50196.40579,10039.28116,FALSE,C3,103.5
7,container_ship,2014,0,45.86,40,0.25,5.61,9.27,5.4,12,31387.56167,6277.554378,TRUE,SV,129.5
8,container_ship,2014,0,119.13,113,0.25,5.88,9.55,5.15,12,35839.17583,7167.854512,TRUE,SV,104
3,container_ship,2007,0,170.27,164,0.25,6.02,9.33,5.03,13,17767.75762,3553.504959,TRUE,C3,125.7
11,container_ship,1997,0,173.05,168,0.22,4.83,10.58,6.27,13,24036.4971,4807.34587,FALSE,C3,108.5
7,container_ship,2003,0,195.46,189,0.22,6.24,10.67,4.85,14,60906.17293,12181.23459,TRUE,C3,103.6
7,container_ship,2021,0,107.48,101,0.22,6.26,10.79,4.84,16,57522.80614,11504.54021,FALSE,C3,99.2
12,container_ship,2022,0,290.6,285,0.26,5.34,8.99,5.67,11,46141.69962,9228.297307,FALSE,C3,111.7
5,container_ship,2012,0,191.85,186,0.22,5.63,10.54,5.38,14,38303.39851,7660.702193,FALSE,C3,115.5
10,container_ship,2004,0,42.58,37,0.21,5.37,11.11,5.64,15,52882.26477,10576.45295,FALSE,SV,97.8
6,container_ship,2022,0,268.2,262,0.22,5.98,10.56,5.06,15,44073.50028,8814.74234,FALSE,SV,113.3
4,container_ship,2014,0,101.13,95,0.26,5.87,8.92,5.16,13,44705.66019,8941.132038,TRUE,C3,121.2
3,container_ship,2006,0,171.31,166,0.22,5.09,10.88,5.95,15,17276.26219,3455.252438,FALSE,C3,136.2
11,container_ship,2022,0,339.85,333,0.24,6.61,10.02,4.58,14,49207.42006,9841.484011,FALSE,SV,108.3
3,container_ship,1991,0,312.36,306,0.24,6.12,9.88,4.95,13,56935.47296,11387.04803,TRUE,SV,107.6
10,container_ship,2003,0,297.84,292,0.23,5.61,10.23,5.4,15,71065.72378,14213.16856,FALSE,SV,99.9
5,container_ship,1995,0,270.43,264,0.25,6.18,9.48,4.9,12,14091.88676,2818.422332,FALSE,C3,127.9
6,container_ship,1995,0,274.67,268,0.24,6.43,10,4.71,15,49734.20821,9946.883927,TRUE,C3,99.2
3,container_ship,1992,0,191.92,186,0.22,5.7,10.81,5.31,14,45920.13145,9184.049573,TRUE,SV,115.4
11,container_ship,1996,0,88.57,83,0.23,5.34,10.31,5.67,14,38129.08787,7625.817574,TRUE,C3,125.7
4,container_ship,1997,0,35.38,29,0.24,6.14,10.03,4.93,13,20621.23317,4124.269391,FALSE,C3,127.5
4,container_ship,2004,0,226.39,220,0.24,6.15,10.04,4.92,14,35996.30283,7199.23781,TRUE,C3,114
11,container_ship,2018,0,87.72,81,0.25,6.47,9.41,4.68,12,33688.00049,6737.576872,TRUE,SV,119.1
6,container_ship,2022,0,334.48,328,0.24,6.24,9.93,4.85,15,28050.68413,5610.17911,TRUE,SV,113
1,container_ship,2019,0,245.73,240,0.26,5.47,9.18,5.54,14,46789.71169,9357.902587,FALSE,C3,118.3
12,container_ship,2016,0,55.23,49,0.22,6.01,10.51,5.04,13,48619.39804,9723.922225,TRUE,C3,116.7
6,container_ship,2018,0,332.84,326,0.26,6.58,8.91,4.6,13,42572.11775,8514.42355,FALSE,C3,107.8
10,container_ship,2022,0,34.13,28,0.23,5.9,10.43,5.13,15,67900.15439,13580.05468,FALSE,C3,107.6
8,container_ship,2016,0,48.7,43,0.22,5.48,10.49,5.53,14,27851.72062,5570.344124,TRUE,C3,112
6,container_ship,2022,0,227.64,221,0.22,6.42,10.66,4.72,14,25055.63581,5011.127162,FALSE,SV,131.8
4,container_ship,1993,0,89.22,82,0.24,6.98,10.04,4.34,13,49476.44098,9895.310953,FALSE,C3,104
6,container_ship,2011,0,270.19,265,0.23,4.96,10.46,6.1,13,22772.9593,4554.570718,TRUE,C3,116.7
9,container_ship,1991,0,176.27,169,0.24,7.03,9.92,4.31,13,26524.50535,5304.90107,FALSE,C3,117.2
10,container_ship,1999,0,302.53,296,0.25,6.28,9.41,4.82,14,27110.72172,5422.168144,TRUE,SV,119.1
6,container_ship,1994,0,278.13,272,0.22,5.91,10.77,5.12,13,16193.95875,3238.812891,FALSE,SV,113.6
8,container_ship,1999,0,43.47,37,0.24,6.23,9.95,4.86,14,50029.11142,10005.84163,FALSE,C3,110.7
4,container_ship,2022,0,42.35,36,0.25,6.1,9.3,4.96,12,27555.69942,5511.16264,TRUE,SV,120.9
11,container_ship,2002,0,72.96,67,0.24,5.72,9.77,5.29,13,40301.55578,8060.357606,TRUE,SV,123.3
10,container_ship,2020,0,50.21,42,0.24,7.97,9.79,3.8,14,16755.02557,3350.981314,FALSE,SV,112.8
12,container_ship,2013,0,93.16,86,0.23,6.93,10.23,4.37,15,48548.54882,9709.752381,FALSE,SV,112.1
10,container_ship,2004,0,268.24,262,0.21,6.03,11.17,5.02,14,33163.3856,6632.700921,TRUE,SV,107.8
6,container_ship,2018,0,129.54,123,0.23,6.31,10.26,4.8,14,50473.21866,10094.66487,FALSE,SV,117.5
9,container_ship,1997,0,192.21,186,0.23,5.98,10.1,5.06,13,31096.57288,6219.353698,FALSE,C3,104
2,container_ship,1994,0,151.14,145,0.21,5.93,11.23,5.11,13,22502.79435,4500.600938,FALSE,SV,129.5
6,container_ship,2018,0,74.91,67,0.22,7.69,10.49,3.94,13,38723.68202,7744.757547,FALSE,SV,114.9
5,container_ship,1993,0,173.6,168,0.23,5.37,10.13,5.64,14,20537.9146,4107.53794,TRUE,C3,121.2
12,container_ship,2001,0,79.61,73,0.24,6.37,9.76,4.75,13,35313.70151,7062.76161,TRUE,C3,116.3
11,container_ship,1991,0,94.86,88,0.23,6.63,10.16,4.57,14,31621.6709,6324.287729,TRUE,C3,113.6
4,container_ship,2016,0,317.18,311,0.24,5.94,9.97,5.1,13,63461.09014,12692.19527,TRUE,C3,101.6
12,container_ship,2020,0,193.23,187,0.23,6,10.05,5.05,14,15900.6957,3180.117831,TRUE,SV,133.7
9,container_ship,2015,0,169.63,164,0.22,5.41,10.66,5.6,14,44317.01502,8863.442125,TRUE,SV,115.5
7,container_ship,2016,0,157.13,151,0.24,5.89,9.73,5.14,14,21833.43167,4366.665311,FALSE,SV,111.4
3,container_ship,1994,0,267.66,262,0.23,5.43,10.26,5.58,15,31797.26295,6359.406024,TRUE,SV,118.8
11,container_ship,2009,0,325.91,319,0.23,6.68,10.47,4.53,14,37095.80695,7419.114939,FALSE,C3,118
11,container_ship,2000,0,216.21,210,0.24,5.97,9.67,5.07,14,64547.77476,12909.5085,FALSE,SV,106
7,container_ship,1999,0,238.07,231,0.25,6.82,9.59,4.44,12,24851.85858,4970.41376,FALSE,SV,105.9
5,container_ship,1995,0,249.24,243,0.24,6,9.92,5.05,14,18422.29866,3684.504713,TRUE,C3,114.3
7,container_ship,1997,0,219.37,213,0.24,6.13,9.77,4.94,13,28691.82064,5738.343106,FALSE,SV,117.4
10,container_ship,2012,0,313.37,307,0.22,6.15,10.58,4.92,14,20260.12013,4052.047828,TRUE,SV,127.6
4,container_ship,2015,0,266.39,260,0.25,6.14,9.5,4.93,14,20677.21409,4135.420062,FALSE,SV,120
4,container_ship,2001,0,222.88,217,0.24,5.64,10.03,5.37,15,44995.00875,8999.047262,FALSE,SV,112.6
10,container_ship,2015,0,317.42,310,0.21,7.21,11.27,4.2,14,17759.67733,3551.983069,TRUE,C3,135.4
12,container_ship,2002,0,288.88,282,0.23,6.65,10.21,4.55,14,14366.62365,2873.282113,FALSE,C3,128.8
5,container_ship,2007,0,275.31,269,0.23,6.08,10.29,4.98,14,52054.78963,10410.98042,FALSE,C3,112.3
8,container_ship,2014,0,166.09,159,0.22,6.87,10.58,4.41,13,28399.3141,5679.843473,FALSE,C3,119
12,container_ship,2022,0,309.27,303,0.24,6.03,9.77,5.02,12,19196.40962,3839.281925,FALSE,C3,113.9
12,container_ship,2001,0,300.34,294,0.25,6.09,9.46,4.97,12,25754.38386,5150.89808,TRUE,SV,133
7,container_ship,1993,0,201.27,194,0.23,7.04,10.09,4.3,13,45008.0594,9001.569836,FALSE,SV,108.7
12,container_ship,1994,0,189.32,182,0.23,7.09,10.13,4.27,13,26875.61272,5375.165159,FALSE,C3,114.6
4,container_ship,1997,0,232.47,224,0.26,8.21,9.19,3.69,12,40662.40384,8132.480769,TRUE,C3,113
4,container_ship,2017,0,75.13,68,0.23,6.9,10.19,4.39,13,20300.3669,4060.096137,FALSE,C3,111.2
8,container_ship,2020,0,293.26,287,0.22,6.04,10.53,5.01,15,38913.37974,7782.675948,FALSE,SV,113.6
7,container_ship,1998,0,100.21,94,0.25,5.96,9.54,5.08,13,28560.01344,5711.960645,FALSE,C3,123.3
1,container_ship,2018,0,132.17,126,0.23,5.94,10.22,5.1,15,41832.99673,8366.599347,FALSE,SV,120.5
5,container_ship,2003,0,154.8,148,0.23,6.57,10.45,4.61,14,57127.47754,11425.49551,TRUE,SV,117.9
12,container_ship,2011,0,315.3,309,0.23,6.07,10.29,4.99,15,44063.95303,8812.790606,FALSE,SV,104.2
7,container_ship,2000,0,259.05,253,0.23,5.82,10.34,5.2,15,27534.35582,5506.892187,TRUE,SV,122.5
12,container_ship,2012,0,176.17,169,0.24,6.93,9.88,4.37,14,25863.37447,5172.632277,FALSE,C3,109.9
1,container_ship,1990,0,226.23,220,0.25,5.98,9.44,5.06,13,27544.01891,5508.764031,FALSE,SV,125.5
7,container_ship,2010,0,249.92,244,0.24,5.68,9.78,5.33,14,20918.66447,4183.774939,FALSE,SV,126.3
2,container_ship,2015,0,89.61,83,0.24,6.37,9.71,4.75,12,21766.48918,4353.255767,TRUE,C3,129.6
9,container_ship,2012,0,126.72,121,0.24,5.48,9.96,5.53,13,48855.43853,9771.048584,FALSE,SV,108
5,container_ship,1990,0,200.57,194,0.22,6.35,10.55,4.77,14,34260.06897,6851.968814,FALSE,SV,114
12,container_ship,2004,0,202.88,196,0.25,6.63,9.34,4.57,13,35081.33738,7016.310091,TRUE,SV,109.4
8,container_ship,2010,0,179.96,174,0.23,5.73,10.07,5.28,12,39189.93331,7838.006009,TRUE,C3,122.9
6,container_ship,1998,0,150.28,145,0.25,5.03,9.47,6.02,14,42604.25323,8520.871788,TRUE,SV,122.9
7,container_ship,1998,0,137.26,131,0.25,6.01,9.63,5.04,14,16012.47256,3202.473491,TRUE,SV,121.4
8,container_ship,1999,0,32.92,27,0.23,5.69,10.28,5.32,14,50216.86605,10043.37321,FALSE,C3,102.4
6,container_ship,2015,0,122.62,116,0.25,6.37,9.41,4.75,14,21682.67841,4336.493398,FALSE,C3,131
4,container_ship,2024,0,36.14,29,0.23,6.91,10.37,4.38,14,53144.78443,10628.97964,FALSE,SV,97.3
4,container_ship,2014,0,317.21,311,0.25,5.96,9.32,5.08,14,55853.71498,11170.69748,FALSE,SV,102.1
9,container_ship,2015,0,135.1,129,0.23,5.87,10.33,5.16,14,45297.38648,9059.438175,TRUE,C3,98.4
7,container_ship,2000,0,175.54,169,0.26,6.28,9.23,4.82,12,41823.98005,8364.817033,FALSE,SV,115.8
6,container_ship,1991,0,299.93,294,0.24,5.69,9.69,5.32,14,13426.29012,2685.21574,FALSE,C3,110.4
4,container_ship,1996,0,125.7,119,0.22,6.48,10.95,4.67,15,33335.95735,6667.19147,FALSE,SV,119.3
8,container_ship,2007,0,258.87,252,0.22,6.65,10.85,4.55,15,39690.90251,7938.219194,FALSE,C3,107.9
5,container_ship,2016,0,230.72,225,0.24,5.48,9.79,5.53,15,34406.81494,6881.318009,TRUE,SV,117.4
7,container_ship,2023,0,240.71,235,0.23,5.48,10.19,5.53,15,56177.82614,11235.56523,FALSE,C3,113.2
3,container_ship,2016,0,35.69,29,0.22,6.47,10.6,4.68,14,31224.86053,6244.972105,FALSE,C3,127.9
9,container_ship,2006,0,140.4,135,0.23,5.17,10.34,5.86,15,25516.358,5103.232479,FALSE,C3,125.1
6,container_ship,2013,0,135.47,129,0.24,6.23,9.86,4.86,14,26181.8577,5236.392682,TRUE,C3,121.6
6,container_ship,2014,0,168.26,162,0.25,6.01,9.63,5.04,13,29570.46001,5914.092001,TRUE,C3,107.2
1,container_ship,1996,0,328.33,322,0.23,6.1,10.43,4.96,15,38514.64019,7702.947915,FALSE,SV,101.9
9,container_ship,1995,0,124.98,119,0.22,5.76,10.57,5.26,13,44927.20432,8985.401743,FALSE,SV,114.2
7,container_ship,2013,0,326.11,320,0.22,5.89,10.86,5.14,15,46041.39,9208.320045,FALSE,C3,106.9
6,container_ship,2022,0,243.16,237,0.26,5.9,9.16,5.13,14,53668.90234,10733.78047,TRUE,SV,99.1
9,container_ship,2018,0,320.99,314,0.25,6.74,9.37,4.49,14,53325.69374,10665.15831,FALSE,SV,107.1
12,container_ship,2011,0,52.5,45,0.22,7.28,10.58,4.16,15,54518.52781,10903.74818,FALSE,SV,102
5,container_ship,2015,0,221.7,216,0.26,5.44,9.22,5.57,13,14516.49427,2903.321344,FALSE,SV,116.8
8,container_ship,2017,0,179.62,173,0.22,6.4,10.62,4.73,14,45777.01565,9155.383785,TRUE,SV,120.3
11,container_ship,2010,0,276.32,270,0.24,6.08,9.89,4.98,15,25551.23258,5110.200066,FALSE,SV,130.2
12,container_ship,1996,0,296.11,290,0.24,5.87,9.74,5.16,12,19582.61778,3916.523555,FALSE,C3,122.2
3,container_ship,2006,0,279.44,274,0.23,5.21,10.1,5.81,12,49647.2081,9929.44162,TRUE,SV,121.6
5,container_ship,2009,0,32.21,26,0.25,5.96,9.33,5.08,12,30752.22167,6150.399355,TRUE,SV,122.5
7,container_ship,2009,0,105.54,99,0.23,6.31,10.41,4.8,14,15494.80872,3098.940723,FALSE,SV,129.8
8,container_ship,2011,0,116.61,110,0.22,6.39,10.84,4.74,14,17997.93992,3599.549292,TRUE,C3,113.9
9,container_ship,2017,0,299.31,293,0.23,6.08,10.44,4.98,15,11779.91029,2355.962498,FALSE,SV,117.4
8,container_ship,1996,0,254.89,248,0.24,6.65,9.88,4.55,13,53545.08524,10708.97836,TRUE,SV,106.7
8,container_ship,1990,0,47.3,41,0.26,6.04,9.23,5.01,13,12750.77365,2550.116038,TRUE,SV,135.3
8,container_ship,2021,0,142.35,136,0.26,6.09,9.25,4.97,11,21332.93027,4266.605401,FALSE,C3,124.5
1,container_ship,2002,0,279.45,274,0.25,5.2,9.34,5.82,13,31781.92722,6356.365568,FALSE,SV,107.5
2,container_ship,2019,0,262.34,256,0.24,6.1,9.99,4.96,14,30621.08208,6124.23745,FALSE,C3,109.7
8,container_ship,2012,0,309.73,302,0.23,7.5,10.06,4.04,12,53939.84394,10788.00748,TRUE,SV,108.7
9,container_ship,2008,0,230.01,225,0.23,4.78,10.43,6.34,13,13627.69142,2725.557844,FALSE,C3,114.6
5,container_ship,2021,0,111.79,106,0.26,5.53,9.1,5.48,12,41140.93718,8228.232416,FALSE,C3,116
1,container_ship,2019,0,153.23,148,0.22,5.01,10.66,6.04,13,44385.54047,8877.108093,FALSE,C3,99.1
2,container_ship,2018,0,205.08,198,0.23,6.85,10.35,4.42,14,59654.81179,11930.96236,FALSE,SV,96.6
12,container_ship,2018,0,98.43,92,0.24,6.19,9.84,4.89,12,44510.1433,8902.071276,FALSE,C3,116
12,container_ship,2019,0,75.92,70,0.25,5.67,9.41,5.34,14,53888.34264,10777.71114,TRUE,C3,109.5
1,container_ship,2005,0,284.97,279,0.22,5.75,10.62,5.27,15,15919.28656,3183.897063,FALSE,C3,122.4
8,container_ship,2008,0,244.12,238,0.24,5.88,9.85,5.15,13,29527.19609,5905.419872,FALSE,C3,113.3
8,container_ship,2007,0,61,53,0.24,7.76,9.99,3.9,15,28970.41318,5794.082636,TRUE,SV,125.4
7,container_ship,1990,0,311.54,304,0.23,7.31,10.19,4.14,14,57328.56395,11465.75483,FALSE,SV,100.3
12,container_ship,2003,0,265.51,260,0.25,5.26,9.54,5.76,13,20525.81799,4105.206214,FALSE,SV,123.8
6,container_ship,1991,0,276.42,271,0.24,5.18,9.86,5.85,15,20391.76216,4078.352432,FALSE,SV,136
11,container_ship,2017,0,54.35,48,0.23,6.12,10.43,4.95,13,32248.86243,6449.818935,FALSE,C3,108.9
6,container_ship,2019,0,102.54,97,0.23,5.31,10.38,5.7,15,15448.71148,3089.763439,FALSE,SV,136.3
12,container_ship,1993,0,235.97,229,0.23,6.74,10.39,4.49,13,22115.61056,4423.122111,TRUE,C3,120.4
6,container_ship,1990,0,123.83,117,0.25,6.58,9.42,4.6,13,61660.06718,12331.99229,TRUE,SV,105.4
2,container_ship,1997,0,157.04,150,0.24,6.8,9.88,4.45,12,34236.24476,6847.291021,TRUE,SV,112.6
10,container_ship,2018,0,54.85,48,0.24,6.61,9.8,4.58,14,50383.60707,10076.74521,FALSE,SV,119.3
6,container_ship,1992,0,144.88,139,0.23,5.65,10.21,5.36,14,49528.07599,9905.657482,TRUE,C3,103.9
2,container_ship,2021,0,77.86,71,0.23,6.63,10.17,4.57,14,31145.57199,6229.093365,FALSE,SV,117.5
7,container_ship,1999,0,254.18,249,0.23,4.95,10.08,6.12,13,20041.10601,4008.242225,FALSE,SV,134.1
6,container_ship,1999,0,295,289,0.21,5.79,11.23,5.23,14,23167.04182,4633.429506,FALSE,SV,121.1
2,container_ship,2008,0,127.71,122,0.24,5.47,9.85,5.54,12,28434.98877,5687.039822,TRUE,C3,117.7
5,container_ship,2023,0,40.02,34,0.24,5.78,9.8,5.24,13,47826.03164,9565.251308,TRUE,SV,106.1
6,container_ship,2022,0,113.65,108,0.25,5.4,9.42,5.61,14,32893.94567,6578.789134,TRUE,SV,121.5
12,container_ship,2012,0,243.89,237,0.26,6.63,9.23,4.57,12,13133.31452,2626.641597,FALSE,C3,114.8
7,container_ship,2017,0,201.54,196,0.25,5.29,9.39,5.72,14,39020.29166,7804.058333,TRUE,C3,105.1
7,container_ship,2021,0,238.21,232,0.24,5.97,9.64,5.07,14,59105.75385,11821.12975,FALSE,SV,111.8
5,container_ship,1996,0,92.63,87,0.22,5.41,10.66,5.6,14,57326.17497,11465.19001,TRUE,SV,100.4
11,container_ship,2018,0,288.31,281,0.24,7.07,10.02,4.28,14,59932.26752,11986.43028,TRUE,SV,116.5
12,container_ship,1997,0,150.18,144,0.23,5.95,10.1,5.09,12,53443.53739,10688.75009,FALSE,C3,115.1
12,container_ship,1990,0,327.21,321,0.24,5.97,9.95,5.07,12,29340.2067,5868.020032,FALSE,C3,119
5,container_ship,1992,0,83.69,77,0.23,6.46,10.18,4.69,12,54795.62214,10959.16941,TRUE,C3,117
11,container_ship,2013,0,301.09,295,0.22,5.87,10.7,5.16,14,21914.77585,4382.908719,TRUE,SV,128.3
11,container_ship,2012,0,269.51,264,0.26,5.25,9,5.77,12,50596.15983,10119.25519,TRUE,C3,103.7
8,container_ship,1997,0,272.73,266,0.22,6.51,10.61,4.65,14,41396.26782,8279.292257,FALSE,SV,112.4
9,container_ship,1992,0,46.8,41,0.27,5.53,8.74,5.48,12,12936.71732,2587.363024,FALSE,C3,118.4
8,container_ship,2022,0,217.06,210,0.24,6.82,10.01,4.44,13,48193.83655,9638.747963,TRUE,C3,101.4
12,container_ship,2017,0,172.21,167,0.21,5,11.1,6.05,15,58976.27548,11795.2764,TRUE,C3,115.3
11,container_ship,1997,0,290.85,285,0.23,5.62,10.34,5.39,15,28840.70759,5768.164743,FALSE,SV,123.9
11,container_ship,2023,0,267.4,262,0.23,5.17,10.19,5.86,12,59217.74993,11843.59644,TRUE,SV,112.1
3,container_ship,2024,0,332.88,327,0.21,5.67,11,5.34,14,18574.26646,3714.853292,FALSE,SV,114.1
9,container_ship,2021,0,327.06,321,0.24,5.82,9.65,5.2,14,39901.92037,7980.384074,FALSE,SV,114.8
5,container_ship,2013,0,104.84,99,0.23,5.61,10.22,5.4,13,39706.87478,7941.374956,FALSE,C3,107.2
8,container_ship,2003,0,217.37,211,0.23,6.14,10.29,4.93,14,36955.35339,7391.10937,FALSE,SV,112.4
5,container_ship,2021,0,276.47,269,0.24,7.23,9.74,4.19,13,63486.24494,12697.29397,FALSE,C3,106.9
7,container_ship,2005,0,159.04,153,0.24,5.8,9.78,5.22,13,56573.14263,11314.6075,FALSE,SV,104.6
5,container_ship,1993,0,312.79,306,0.24,6.55,9.73,4.62,12,55869.17296,11173.83459,TRUE,SV,104.2
12,container_ship,2010,0,109.04,102,0.24,6.8,10.04,4.45,13,26781.53774,5356.307547,FALSE,C3,107.5
7,container_ship,2003,0,100.92,95,0.23,5.69,10.27,5.32,14,58616.67977,11723.378,FALSE,C3,95.5
8,container_ship,2020,0,292.46,286,0.23,6.23,10.06,4.86,13,16135.09675,3227.038695,TRUE,SV,127.8
12,container_ship,2007,0,219.73,214,0.23,5.5,10.35,5.51,15,56423.46622,11284.73586,FALSE,SV,111.9
11,container_ship,1996,0,92.83,86,0.26,6.57,9.02,4.61,14,32226.68254,6445.290058,TRUE,C3,108.5
4,container_ship,1999,0,41.6,35,0.24,6.36,9.89,4.76,14,16590.72045,3318.121333,FALSE,C3,134.6
8,container_ship,1996,0,169.68,164,0.25,5.43,9.49,5.58,14,42686.46422,8537.273498,TRUE,C3,121
11,container_ship,2022,0,283.12,277,0.23,5.89,10.15,5.14,13,26826.51816,5365.326857,TRUE,C3,122.1
6,container_ship,2012,0,73.34,66,0.23,7.11,10.14,4.26,13,25043.90213,5008.801567,FALSE,C3,125.3
12,container_ship,2010,0,46.14,40,0.24,5.9,9.94,5.13,14,28435.89365,5687.221346,FALSE,SV,129.3
10,container_ship,2008,0,91.51,86,0.23,5.28,10.26,5.74,13,17918.66984,3583.75777,FALSE,SV,119.8
3,container_ship,2008,0,282.58,276,0.22,6.36,10.5,4.76,14,23867.09714,4773.396145,FALSE,SV,116.6
8,container_ship,2018,0,320.95,315,0.24,5.71,9.97,5.3,13,11846.33998,2369.229303,TRUE,SV,113.5
9,container_ship,2007,0,37.86,31,0.25,6.61,9.47,4.58,13,32646.15443,6529.191765,TRUE,C3,128.8
12,container_ship,1991,0,119.4,113,0.26,6.14,9.21,4.93,14,17093.62609,3418.767835,TRUE,C3,134.3
3,container_ship,1990,0,236.71,231,0.24,5.47,10.02,5.54,15,52114.92958,10423.03248,FALSE,C3,113.7
4,container_ship,1994,0,321.16,315,0.23,5.93,10.12,5.11,14,26522.55554,5304.533865,TRUE,SV,110.8
8,container_ship,2009,0,312.62,307,0.25,5.37,9.52,5.64,14,55418.66554,11083.71376,FALSE,C3,103.8
12,container_ship,2000,0,147.04,141,0.23,5.81,10.36,5.21,14,57340.03139,11467.98497,FALSE,C3,97.7
4,container_ship,1991,0,203.2,198,0.24,4.96,9.77,6.11,14,29461.89538,5892.333563,TRUE,SV,108.7
2,container_ship,1992,0,106.44,99,0.26,7.18,9.17,4.22,12,52159.03374,10431.84882,FALSE,SV,108
4,container_ship,2012,0,130.41,124,0.22,6.19,10.63,4.89,14,57523.58498,11504.76251,TRUE,SV,117.5
8,container_ship,2001,0,181.01,174,0.22,6.79,10.57,4.46,14,57414.6104,11482.92208,FALSE,C3,109.8
12,container_ship,2009,0,300,293,0.26,6.74,8.99,4.49,14,43357.91126,8671.624867,TRUE,C3,114.5
5,container_ship,1994,0,100.97,94,0.24,6.73,9.72,4.5,13,17918.07724,3583.637938,FALSE,SV,116.2
10,container_ship,2019,0,209.2,203,0.24,5.96,9.7,5.08,13,51230.09936,10245.97227,TRUE,SV,104.9
9,container_ship,1998,0,153.15,147,0.22,5.93,10.82,5.11,14,41076.03842,8215.207685,TRUE,C3,104.1
9,container_ship,2023,0,322.05,316,0.24,5.81,9.95,5.21,14,41703.73436,8340.785992,FALSE,SV,114.1
10,container_ship,2024,0,315.08,308,0.26,6.82,9.25,4.44,13,31825.87303,6365.174605,FALSE,C3,125.4
1,container_ship,2011,0,224.49,218,0.23,6.26,10.44,4.84,13,52933.70483,10586.72109,TRUE,SV,104.4
10,container_ship,2013,0,257.95,251,0.25,6.7,9.38,4.52,13,69088.79,13817.7104,FALSE,SV,99.7
2,container_ship,2006,0,303.78,298,0.24,5.54,9.87,5.47,14,23611.19603,4722.197138,FALSE,SV,109.4
8,container_ship,1999,0,135.89,129,0.25,6.64,9.62,4.56,13,15700.67839,3140.17437,FALSE,C3,116.6
4,container_ship,2019,0,50.43,44,0.24,6.19,9.72,4.89,13,24278.53974,4855.662434,TRUE,C3,123.4
6,container_ship,2012,0,92.96,87,0.23,5.73,10.47,5.28,14,54320.06875,10864.01375,TRUE,SV,101.5
7,container_ship,2021,0,194.68,188,0.22,6.46,10.76,4.69,15,46751.50918,9350.322857,FALSE,C3,112.7
11,container_ship,2006,0,55.91,50,0.25,5.66,9.36,5.35,12,49388.34292,9877.715035,FALSE,SV,120.5
9,container_ship,2006,0,339.45,334,0.23,5.22,10.31,5.8,15,30598.56296,6119.693032,TRUE,SV,120.8
7,container_ship,2003,0,314.2,308,0.25,5.95,9.63,5.09,14,41765.95966,8353.149888,FALSE,C3,98.5
3,container_ship,1998,0,176.8,171,0.24,5.56,9.65,5.45,13,31173.05677,6234.611354,TRUE,C3,112.2
4,container_ship,1991,0,311.88,304,0.23,7.65,10.25,3.96,15,39716.41726,7943.260696,FALSE,C3,113.4
9,container_ship,2014,0,193.57,187,0.25,6.32,9.49,4.79,14,48966.73768,9793.347536,FALSE,C3,106.2
9,container_ship,1998,0,253.18,247,0.23,5.95,10.24,5.09,15,57800.83908,11560.14826,FALSE,SV,94.7
11,container_ship,2011,0,302,295,0.23,6.77,10.37,4.47,15,65912.01215,13182.40243,TRUE,C3,104.8
6,container_ship,1993,0,175.18,169,0.24,5.94,9.78,5.1,12,60069.67781,12013.91442,TRUE,C3,104.9
11,container_ship,2015,0,58.7,53,0.22,5.48,10.66,5.53,13,36354.92897,7270.939343,TRUE,SV,126
7,container_ship,2018,0,75.71,68,0.25,7.46,9.36,4.06,13,36264.74338,7252.969698,TRUE,SV,115.2
8,container_ship,2023,0,305.09,298,0.22,6.87,10.67,4.41,13,44370.93567,8874.187133,FALSE,SV,113.3
4,container_ship,2012,0,63.21,57,0.26,5.95,9.03,5.09,12,64019.87533,12803.92955,FALSE,SV,99
8,container_ship,2000,0,170,164,0.21,5.79,11.35,5.23,16,18200.5911,3640.079528,TRUE,C3,112.5
8,container_ship,1995,0,249.88,244,0.24,5.64,9.8,5.37,14,25733.89486,5146.759626,FALSE,C3,124.8
6,container_ship,2007,0,51.23,45,0.25,5.98,9.42,5.06,13,19750.42668,3950.127619,FALSE,SV,125.7
11,container_ship,2010,0,209.03,203,0.24,5.79,9.88,5.23,14,48048.37568,9609.698361,TRUE,SV,117.3
7,container_ship,2023,0,259.81,254,0.25,5.56,9.48,5.45,14,28066.73498,5613.368018,FALSE,C3,122.8
12,container_ship,2006,0,67.55,61,0.23,6.32,10.19,4.79,13,29461.76904,5892.311193,FALSE,C3,128.2
2,container_ship,2014,0,99.66,93,0.22,6.44,10.68,4.7,13,16200.60684,3240.121368,TRUE,C3,134.9
4,container_ship,2001,0,145.4,139,0.25,6.15,9.5,4.92,13,32758.1705,6551.588587,FALSE,C3,118.9
8,container_ship,2012,0,268.17,262,0.23,5.94,10.29,5.1,14,51654.09338,10330.85737,FALSE,C3,104.8
8,container_ship,2011,0,177.74,171,0.26,6.48,9.23,4.67,13,22429.47146,4485.894293,FALSE,SV,120.1
7,container_ship,2010,0,38.53,32,0.22,6.31,10.52,4.8,15,47687.08803,9537.417606,TRUE,SV,121.6
5,container_ship,2016,0,317.05,311,0.23,5.82,10.21,5.2,12,47478.45171,9495.645362,TRUE,SV,114.9
7,container_ship,2020,0,79.18,73,0.22,5.96,10.54,5.08,15,56178.14146,11235.67034,FALSE,SV,96
9,container_ship,1995,0,34.41,28,0.24,6.17,9.94,4.91,14,17946.54849,3589.348818,FALSE,C3,128.6
4,container_ship,2016,0,156.57,149,0.24,7.33,9.78,4.13,14,67045.46221,13409.13795,FALSE,SV,92.7
8,container_ship,2023,0,104.29,98,0.23,6.06,10.41,5,15,38659.65466,7731.89224,TRUE,C3,109.4
12,container_ship,2001,0,194.96,188,0.25,6.71,9.35,4.51,14,63692.7027,12738.58316,TRUE,C3,98.6
9,container_ship,1996,0,306.78,301,0.26,5.52,9.13,5.49,14,54527.48988,10905.45886,TRUE,C3,105.3
8,container_ship,1999,0,329.48,323,0.24,6.24,10,4.85,15,21892.9053,4378.619753,FALSE,C3,127.1
8,container_ship,2006,0,319.97,313,0.24,6.73,9.81,4.5,14,14215.37582,2843.113856,FALSE,C3,117.1
11,container_ship,2015,0,106.32,100,0.23,6.09,10.28,4.97,14,28184.36866,5636.827283,FALSE,C3,109.9
4,container_ship,2010,0,326.59,321,0.22,5.37,10.55,5.64,13,42467.10594,8493.398431,FALSE,C3,113.4
10,container_ship,2017,0,165.92,160,0.23,5.69,10.27,5.32,14,24082.84269,4816.544737,FALSE,SV,126.3
7,container_ship,1991,0,135.15,129,0.22,5.93,10.51,5.11,14,21061.9286,4212.364698,TRUE,C3,118.8
9,container_ship,1990,0,125.21,118,0.23,6.98,10.16,4.34,13,33452.82879,6690.565758,FALSE,SV,108.6
7,container_ship,2015,0,163.44,158,0.23,5.21,10.25,5.81,13,14291.62131,2858.345284,FALSE,SV,117.9
5,container_ship,2018,0,97.7,91,0.24,6.46,9.94,4.69,15,20072.82544,4014.542597,FALSE,C3,126.9
4,container_ship,2010,0,175.77,170,0.23,5.54,10.23,5.47,15,36366.32308,7273.310129,TRUE,C3,111.7
11,container_ship,2000,0,188.49,182,0.23,6.26,10.08,4.84,15,17453.83108,3490.719765,FALSE,SV,136.3
3,container_ship,2000,0,191.82,186,0.23,5.59,10.16,5.42,13,36139.46557,7227.846548,TRUE,SV,109.5
4,container_ship,2024,0,217.6,212,0.24,5.36,9.92,5.65,12,39541.98889,7908.443292,TRUE,SV,118.5
6,container_ship,2023,0,123.92,118,0.23,5.69,10.4,5.32,13,35582.43839,7116.529961,TRUE,SV,109.4
8,container_ship,2013,0,209.87,204,0.24,5.63,9.64,5.38,13,51964.21256,10392.86186,TRUE,C3,108.6
9,container_ship,2011,0,317.36,311,0.24,6.12,9.99,4.95,12,36620.16016,7324.032033,TRUE,C3,109.3
5,container_ship,1994,0,216.55,210,0.22,6.33,10.66,4.78,13,38753.41951,7750.661412,FALSE,C3,123.4
3,container_ship,2022,0,167.22,161,0.25,5.97,9.53,5.07,14,36919.19943,7383.839886,FALSE,SV,131
7,container_ship,2009,0,159.53,153,0.26,6.27,8.92,4.83,13,53864.26292,10772.87361,TRUE,C3,114.1
7,container_ship,2008,0,222.09,217,0.23,4.86,10.18,6.23,13,57770.96946,11554.15185,TRUE,SV,107.1
6,container_ship,2024,0,302.97,296,0.24,6.73,9.87,4.5,12,55978.74602,11195.72806,TRUE,C3,107.1
7,container_ship,2006,0,172.73,167,0.22,5.51,10.51,5.5,14,46595.21148,9319.000253,FALSE,SV,118.3
6,container_ship,2023,0,45,39,0.24,5.76,9.93,5.26,12,19654.86589,3930.99432,FALSE,C3,129.7
8,container_ship,1998,0,331.17,325,0.24,5.93,9.7,5.11,15,24463.04463,4892.647619,TRUE,C3,109.4
4,container_ship,2015,0,273.52,268,0.24,5.28,9.96,5.74,13,16169.61192,3233.922383,FALSE,SV,130.8
5,container_ship,1991,0,136.1,130,0.22,5.88,10.55,5.15,14,63735.65687,12747.10888,FALSE,SV,101.4
5,container_ship,1998,0,117.7,111,0.23,6.47,10.29,4.68,13,49160.80155,9832.205291,TRUE,SV,106.1
8,container_ship,1998,0,158.15,152,0.27,5.88,8.78,5.15,11,46261.92753,9252.404852,TRUE,SV,101.1
6,container_ship,2006,0,33.4,27,0.23,6.17,10.09,4.91,14,28494.23839,5698.86882,FALSE,SV,117.2
8,container_ship,1990,0,335,329,0.23,5.77,10.12,5.25,14,50872.12099,10174.44354,FALSE,C3,108
11,container_ship,2014,0,123.84,118,0.24,5.6,9.99,5.41,14,28405.35468,5681.070937,FALSE,SV,116.7
4,container_ship,2014,0,238.87,232,0.24,6.63,9.69,4.57,12,13743.65811,2748.754378,TRUE,C3,114.9
8,container_ship,2024,0,253.63,248,0.22,5.41,10.6,5.6,14,29084.94253,5817.007853,TRUE,C3,108.7
11,container_ship,1992,0,76.44,70,0.22,6.22,10.62,4.87,14,45749.33144,9149.843063,TRUE,C3,115.2
10,container_ship,2019,0,210.07,204,0.27,5.8,8.9,5.22,14,41625.80943,8325.209488,FALSE,C3,120.6
6,container_ship,2023,0,134.95,129,0.25,5.7,9.6,5.31,13,56427.05718,11285.36915,FALSE,C3,102.4
12,container_ship,2001,0,228.09,222,0.24,5.85,9.93,5.18,13,18175.222,3635.0444,TRUE,SV,111.6
10,container_ship,2008,0,135.35,129,0.23,6.12,10.47,4.95,14,45916.82205,9183.364409,FALSE,SV,104.8
12,container_ship,2006,0,309.6,303,0.24,6.36,10.02,4.76,14,39018.21011,7803.642021,TRUE,C3,125.1
10,container_ship,1999,0,289.46,283,0.24,6.22,9.66,4.87,13,30354.83531,6070.990863,FALSE,C3,117
8,container_ship,2001,0,136.47,131,0.23,5.24,10.35,5.78,14,49784.38231,9956.895809,TRUE,SV,108.8
12,container_ship,2005,0,48.87,42,0.24,6.63,9.89,4.57,13,51284.9268,10256.94274,FALSE,SV,99.7
9,container_ship,2013,0,325.77,319,0.24,6.53,9.94,4.64,15,46140.44334,9228.049548,FALSE,C3,111.1
6,container_ship,2008,0,335.79,329,0.24,6.55,9.99,4.62,13,57143.23451,11428.60462,TRUE,SV,106.6
8,container_ship,1997,0,200.2,194,0.23,5.97,10.29,5.07,15,45167.22422,9033.406152,TRUE,SV,104.3
9,container_ship,2020,0,225.38,218,0.24,7.14,9.85,4.24,13,22620.13493,4524.046547,TRUE,SV,108.7
4,container_ship,2010,0,42.24,35,0.23,7.01,10.34,4.32,15,52188.55744,10437.71149,TRUE,C3,107
6,container_ship,2006,0,224.46,218,0.24,6.22,9.96,4.87,14,28297.93709,5659.545135,TRUE,SV,126.3
11,container_ship,2012,0,313.19,306,0.25,6.94,9.47,4.36,13,27433.8523,5486.793686,FALSE,C3,127.2
7,container_ship,2005,0,212.12,205,0.24,6.88,9.98,4.4,15,16296.37308,3259.232572,TRUE,C3,127.8
6,container_ship,1995,0,335.19,328,0.25,6.94,9.49,4.36,12,50437.27765,10087.47667,TRUE,C3,111.6
10,container_ship,1997,0,173.85,167,0.24,6.61,10.02,4.58,15,54895.25749,10979.0515,TRUE,C3,103.4
7,container_ship,2014,0,210.87,205,0.23,5.64,10.41,5.37,14,24444.24429,4888.848858,TRUE,C3,121.6
8,container_ship,2007,0,58.78,53,0.25,5.53,9.46,5.48,12,46401.99383,9280.360074,TRUE,SV,113.5
11,container_ship,2014,0,112.31,107,0.23,5.08,10.18,5.96,14,65095.53674,13019.13057,FALSE,C3,94.6
7,container_ship,2001,0,194.35,189,0.25,5.1,9.59,5.94,15,18063.47247,3612.715517,TRUE,C3,132.3
6,container_ship,2004,0,312.85,307,0.23,5.62,10.1,5.39,12,24489.14218,4897.807294,TRUE,C3,113.7
6,container_ship,2015,0,309.73,304,0.23,5.5,10.43,5.51,14,50753.45277,10150.69055,TRUE,SV,103.9
7,container_ship,2015,0,125.23,119,0.26,5.97,8.94,5.07,13,26462.66028,5292.5741,FALSE,SV,121.9
8,container_ship,2021,0,295.01,289,0.25,5.76,9.44,5.26,14,40611.39351,8122.298048,FALSE,SV,112.8
6,container_ship,1999,0,326.31,321,0.24,5.07,9.82,5.97,13,16803.37016,3360.695174,TRUE,SV,131.5
12,container_ship,2005,0,325.06,319,0.23,5.83,10.16,5.19,13,35910.11344,7181.980071,TRUE,SV,108.6
12,container_ship,1996,0,253.67,248,0.24,5.43,9.92,5.58,12,50581.442,10116.30971,FALSE,SV,115.2
9,container_ship,2006,0,71.92,65,0.24,6.68,9.98,4.53,14,43964.82851,8792.926581,FALSE,SV,108.2
7,container_ship,2012,0,332.69,326,0.21,6.48,11.02,4.67,14,53735.609,10747.1218,FALSE,C3,109.9
9,container_ship,2015,0,275.12,269,0.25,5.87,9.39,5.16,14,52928.42031,10585.64494,TRUE,C3,112
12,container_ship,2010,0,237.19,231,0.22,5.97,10.57,5.07,13,52324.8655,10465.01572,TRUE,SV,109.2
12,container_ship,2011,0,266.7,260,0.24,6.46,9.83,4.69,14,47129.32709,9425.822801,FALSE,C3,97.5
11,container_ship,1996,0,50.11,45,0.23,4.88,10.27,6.2,12,15703.24557,3140.602663,TRUE,C3,132.3
10,container_ship,2003,0,214.16,208,0.21,5.95,11.06,5.09,14,44839.69541,8967.962883,FALSE,SV,103.7
3,container_ship,2004,0,271.56,265,0.23,6.33,10.34,4.78,14,16076.04479,3215.208958,FALSE,C3,115.8
6,container_ship,1996,0,312.19,306,0.23,5.96,10.19,5.08,14,53686.66143,10737.37457,FALSE,C3,106.2
5,container_ship,1998,0,70.26,64,0.22,6.04,10.8,5.01,15,30805.18516,6161.082012,TRUE,SV,130
10,container_ship,1997,0,191.17,185,0.22,5.95,10.56,5.09,15,46408.43735,9281.663669,FALSE,C3,104.9
2,container_ship,2012,0,190.46,183,0.25,7.21,9.6,4.2,14,26727.6358,5345.548194,FALSE,SV,126.6
10,container_ship,2018,0,117.59,112,0.23,5.36,10.15,5.65,15,58979.55604,11795.91121,TRUE,SV,104.1
5,container_ship,2007,0,40.6,35,0.26,5.34,9.14,5.67,14,61343.30389,12268.63829,FALSE,C3,111.4
11,container_ship,2020,0,101.52,96,0.24,5.28,9.73,5.74,13,36155.30996,7231.108442,TRUE,C3,116.1
11,container_ship,2019,0,105.1,99,0.23,5.87,10.16,5.16,15,62034.36363,12406.91918,FALSE,C3,110.7
12,container_ship,2024,0,229.92,224,0.24,5.68,9.7,5.33,14,26442.8465,5288.547993,TRUE,SV,112.2
3,container_ship,2007,0,39.86,33,0.23,6.63,10.14,4.57,12,43845.42005,8769.037446,FALSE,SV,116.1
11,container_ship,2006,0,254.83,249,0.24,5.59,9.99,5.42,14,61802.34573,12360.46915,FALSE,SV,112.7
6,container_ship,2003,0,205.13,199,0.23,5.9,10.27,5.13,13,29220.35236,5844.112755,FALSE,C3,121.6
8,container_ship,2020,0,305.59,299,0.24,6.35,9.79,4.77,14,55904.64146,11180.92829,FALSE,C3,103.3
10,container_ship,2013,0,67.83,62,0.25,5.58,9.53,5.43,14,21242.87472,4248.527342,FALSE,SV,138.7
11,container_ship,2024,0,88.78,83,0.22,5.56,10.74,5.45,13,14953.6582,2990.685191,TRUE,C3,111.6
5,container_ship,2023,0,95.26,89,0.24,6.02,9.75,5.03,12,62295.07243,12459.01449,TRUE,C3,111.8
8,container_ship,1992,0,153.03,147,0.23,5.8,10.33,5.22,15,14795.08395,2958.997443,FALSE,SV,133.1
8,container_ship,2015,0,193.98,187,0.22,6.76,10.72,4.48,15,57661.95125,11532.35156,FALSE,SV,89.2
11,container_ship,2012,0,187.62,182,0.23,5.39,10.08,5.62,13,66965.84721,13393.16944,FALSE,C3,101.3
6,container_ship,2004,0,86.9,80,0.25,6.65,9.57,4.55,14,19637.52965,3927.505929,TRUE,SV,118.9
1,container_ship,1993,0,107.75,101,0.24,6.51,9.91,4.65,14,37569.24995,7513.830114,TRUE,C3,115.8
11,container_ship,2018,0,223.24,217,0.22,6.02,10.51,5.03,14,24242.50298,4848.454146,FALSE,SV,126.8
10,container_ship,2011,0,313.68,308,0.23,5.45,10.1,5.56,15,38738.23891,7747.671584,TRUE,SV,114.7
3,container_ship,2014,0,43.7,38,0.25,5.45,9.4,5.56,13,17401.87175,3480.397633,FALSE,SV,121.9
11,container_ship,2002,0,41.29,35,0.23,6.06,10.3,5,13,26416.59664,5283.342553,FALSE,C3,113.6
8,container_ship,2007,0,129.85,124,0.23,5.62,10.38,5.39,15,28474.76418,5694.93349,FALSE,C3,109.7
9,container_ship,2022,0,186.52,179,0.24,7.28,9.82,4.16,14,32328.68777,6465.717994,TRUE,SV,109.9
2,container_ship,2005,0,154.76,148,0.23,6.53,10.31,4.64,13,61966.7953,12393.40113,FALSE,SV,110.9
2,container_ship,1991,0,309.74,303,0.23,6.51,10.12,4.65,13,53403.52726,10680.68442,FALSE,SV,97.2
5,container_ship,2024,0,138.62,133,0.24,5.38,9.9,5.63,13,53296.00195,10659.15541,FALSE,C3,113.3
4,container_ship,2023,0,174.93,169,0.25,5.68,9.35,5.33,13,42984.70192,8596.940384,TRUE,SV,111.5
2,container_ship,2019,0,245.17,239,0.22,5.95,10.54,5.09,14,55025.5862,11005.13827,TRUE,SV,99.9
11,container_ship,2002,0,191.12,185,0.23,5.89,10.38,5.14,14,32848.88069,6569.776138,TRUE,SV,121.1
6,container_ship,2002,0,156.47,151,0.23,5.24,10.29,5.78,15,48654.81534,9730.920784,FALSE,SV,112.9
9,container_ship,2007,0,179.39,173,0.22,6.17,10.77,4.91,15,58389.60965,11677.90237,TRUE,C3,104.3
7,container_ship,2021,0,66.21,59,0.23,6.98,10.47,4.34,13,28486.9624,5697.350437,FALSE,C3,108.5
6,container_ship,2021,0,201.7,196,0.23,5.47,10.34,5.54,13,46884.82666,9377.007615,TRUE,SV,108.5
8,container_ship,2024,0,51.22,45,0.27,5.95,8.89,5.09,12,50809.92304,10161.96526,FALSE,C3,99.1
8,container_ship,2018,0,234.75,229,0.22,5.53,10.6,5.48,14,54129.43645,10825.92598,TRUE,C3,94.2
11,container_ship,2018,0,156.32,150,0.24,6.08,10.04,4.98,14,53952.63901,10790.57425,FALSE,C3,103.7
9,container_ship,2005,0,246.84,240,0.23,6.61,10.16,4.58,15,25050.32947,5010.026773,TRUE,SV,111.4
4,container_ship,1999,0,125.05,119,0.23,5.82,10.16,5.2,13,31473.90894,6294.781789,TRUE,C3,111.2
3,container_ship,2019,0,193.27,187,0.23,6.04,10.39,5.01,14,15129.49119,3025.92152,TRUE,C3,117.6
9,container_ship,2014,0,177.17,171,0.22,5.95,10.56,5.09,15,47456.1793,9491.23586,FALSE,C3,98.3
4,container_ship,2009,0,46.44,41,0.23,5.21,10.32,5.81,14,15988.12904,3197.625809,TRUE,SV,116.4
12,container_ship,1994,0,324.03,317,0.23,6.8,10.24,4.45,13,57002.5121,11400.54504,TRUE,SV,118.4
9,container_ship,1990,0,224.12,218,0.23,5.89,10.12,5.14,14,17306.82286,3461.32545,TRUE,C3,111.3
3,container_ship,2019,0,180.88,174,0.28,6.6,8.32,4.59,10,23573.73653,4714.724024,TRUE,C3,125
1,container_ship,1992,0,154.42,146,0.24,8.18,9.86,3.7,15,34656.65693,6931.371137,FALSE,SV,108.3
5,container_ship,2003,0,216.33,210,0.25,6.08,9.53,4.98,12,53321.41543,10664.32807,TRUE,SV,113.6
2,container_ship,2019,0,178.25,172,0.22,6.03,10.61,5.02,14,19637.71429,3927.521824,FALSE,C3,115.6
9,container_ship,1993,0,132.93,127,0.23,5.7,10.31,5.31,14,32395.48682,6479.116925,FALSE,C3,125
7,container_ship,2007,0,272.43,266,0.24,6.19,9.77,4.89,15,36974.2319,7394.867401,FALSE,SV,118.8
5,container_ship,2014,0,261.35,254,0.24,7.11,9.82,4.26,12,24952.10103,4990.375225,FALSE,SV,105.4
6,container_ship,1990,0,235.84,229,0.24,6.6,9.8,4.59,12,18548.51726,3709.745736,TRUE,C3,131.8
2,container_ship,2004,0,226.59,221,0.24,5.35,9.79,5.66,12,54845.00685,10968.9593,FALSE,SV,106.6
7,container_ship,1998,0,116.86,110,0.25,6.61,9.28,4.58,12,37963.83699,7592.78842,FALSE,C3,111.3
7,container_ship,2004,0,170.49,165,0.26,5.23,9.17,5.79,12,13338.6994,2667.781924,FALSE,C3,134.6
6,container_ship,2013,0,227.73,222,0.24,5.49,10.01,5.52,14,53428.52046,10685.68295,FALSE,C3,114.2
9,container_ship,1993,0,75.48,69,0.22,6.26,10.54,4.84,13,57779.81156,11555.94275,TRUE,SV,102.9
8,container_ship,2001,0,317.77,311,0.24,6.53,9.73,4.64,12,39741.39603,7948.279205,TRUE,C3,110.5
12,container_ship,1995,0,43.72,38,0.23,5.49,10.15,5.52,15,38544.1063,7708.821261,FALSE,C3,119.9
6,container_ship,2013,0,73.43,67,0.23,6.2,10.37,4.88,13,57256.13154,11451.22631,FALSE,SV,108
5,container_ship,2000,0,199.41,192,0.25,7.16,9.5,4.23,13,64906.47611,12981.3402,FALSE,SV,106.3
5,container_ship,2002,0,338.97,333,0.24,5.73,9.99,5.28,13,54220.44538,10844.13406,TRUE,C3,111.4
10,container_ship,2023,0,73.05,67,0.24,5.81,9.67,5.21,15,39726.34879,7945.222155,TRUE,C3,106.1
8,container_ship,2014,0,126.66,121,0.22,5.44,10.8,5.57,13,39105.0036,7820.981375,TRUE,SV,120.5
9,container_ship,1996,0,290.08,284,0.22,5.86,10.78,5.17,15,44641.81686,8928.382932,TRUE,SV,102.6
3,container_ship,1993,0,138.65,132,0.25,6.4,9.5,4.73,14,24825.17563,4965.011843,TRUE,SV,111.5
11,container_ship,1997,0,311.61,306,0.23,5.38,10.19,5.63,12,38861.95322,7772.367419,FALSE,C3,119.2
8,container_ship,2009,0,132.55,127,0.22,5.33,10.53,5.68,15,50136.96635,10027.41262,TRUE,C3,106.9
1,container_ship,2018,0,285.14,279,0.23,5.91,10.42,5.12,13,43157.0201,8631.443772,TRUE,C3,99.3
12,container_ship,1999,0,235.26,229,0.24,6.02,10.04,5.03,12,33813.50923,6762.744463,FALSE,SV,121.4
10,container_ship,2023,0,73.2,66,0.22,6.98,10.65,4.34,15,52174.05787,10434.83538,TRUE,C3,103.8
3,container_ship,2015,0,274.69,268,0.25,6.44,9.55,4.7,14,20575.63771,4115.080976,TRUE,SV,119.9
5,container_ship,1992,0,315.87,310,0.24,5.63,9.85,5.38,14,35164.94626,7033.011742,TRUE,C3,128.7
2,container_ship,1995,0,302.67,296,0.25,6.42,9.56,4.72,12,52659.54457,10531.86685,FALSE,SV,102.4
9,container_ship,1994,0,113.32,106,0.23,7.09,10.39,4.27,14,22088.08977,4417.637514,TRUE,C3,106.5
8,container_ship,1994,0,137.73,133,0.24,4.49,9.71,6.75,14,20242.0962,4048.380549,FALSE,C3,114.6
8,container_ship,2012,0,220.33,213,0.24,7.09,9.91,4.27,13,55754.99879,11151.03845,FALSE,SV,111.4
7,container_ship,1998,0,316.17,311,0.23,4.94,10.31,6.13,13,23203.00727,4640.580433,TRUE,SV,110.1
3,container_ship,2024,0,280.47,274,0.23,6.24,10.35,4.85,12,28549.22554,5709.821825,TRUE,C3,117.1
7,container_ship,2009,0,241.35,235,0.25,6.1,9.55,4.96,12,61532.73012,12306.525,TRUE,SV,104.3
11,container_ship,2024,0,320.72,314,0.22,6.5,10.53,4.66,15,54887.67812,10977.53562,TRUE,SV,107.3
7,container_ship,2007,0,161.85,156,0.23,5.62,10.23,5.39,14,47909.49954,9581.878886,FALSE,C3,98.4
6,container_ship,2006,0,231.32,224,0.25,7.07,9.46,4.28,14,55962.78399,11192.5568,TRUE,SV,108
1,container_ship,2013,0,315.67,308,0.25,7.42,9.34,4.08,13,17450.41528,3490.083057,FALSE,C3,118.9
7,container_ship,1992,0,123.45,118,0.24,5.21,9.99,5.81,14,48230.39857,9646.100736,FALSE,C3,113
11,container_ship,2021,0,307.81,301,0.23,6.58,10.43,4.6,13,42010.68464,8402.113702,FALSE,SV,107.9
8,container_ship,2024,0,247.87,242,0.23,5.64,10.44,5.37,14,50105.81901,10021.12511,FALSE,SV,108.5
6,container_ship,2002,0,119.02,112,0.23,6.79,10.18,4.46,13,38468.28949,7693.700181,FALSE,C3,112.5
5,container_ship,2014,0,100.9,95,0.24,5.66,10.02,5.35,13,46971.75641,9394.328792,TRUE,C3,109.6
12,container_ship,1998,0,275.41,270,0.23,5.18,10.26,5.84,14,37216.1895,7443.216592,FALSE,C3,117.9
12,container_ship,1993,0,158.64,152,0.25,6.39,9.57,4.74,15,37237.49754,7447.478199,FALSE,C3,111.9
9,container_ship,2003,0,242.73,235,0.22,7.51,10.84,4.03,15,47788.80533,9557.741506,TRUE,C3,101.7
12,container_ship,2023,0,124.4,119,0.22,5.18,10.84,5.84,13,44929.27237,8985.811858,TRUE,C3,115.6
9,container_ship,2000,0,103.78,98,0.23,5.55,10.21,5.46,12,41464.90085,8292.960609,FALSE,SV,113.3
6,container_ship,1992,0,83.59,77,0.23,6.36,10.1,4.76,12,35532.54382,7106.487622,FALSE,SV,112.8
11,container_ship,2017,0,83.43,77,0.24,6.19,9.79,4.89,13,43539.12288,8707.871026,TRUE,SV,103.4
10,container_ship,2018,0,248.05,241,0.23,6.82,10.26,4.44,15,56878.37961,11375.69972,FALSE,C3,103.3
5,container_ship,1998,0,44.54,39,0.24,5.3,9.65,5.71,14,58074.52322,11614.85966,TRUE,SV,94.3
9,container_ship,1992,0,128.67,122,0.27,6.4,8.89,4.73,11,44436.43178,8887.305916,TRUE,C3,98.4
9,container_ship,2014,0,50.33,43,0.27,7.06,8.64,4.29,12,55117.04287,11023.40857,FALSE,C3,109.5
3,container_ship,2023,0,75.18,69,0.25,5.93,9.6,5.11,13,59807.84582,11961.54588,TRUE,SV,113.6
9,container_ship,2001,0,222.86,216,0.23,6.63,10.08,4.57,14,38113.11411,7622.622821,FALSE,C3,109.3
10,container_ship,1998,0,87.99,81,0.23,6.76,10.17,4.48,14,52633.54146,10526.70829,FALSE,C3,106.6
6,container_ship,2004,0,140.57,134,0.24,6.33,9.76,4.78,14,59686.16617,11937.27552,FALSE,C3,94
2,container_ship,2014,0,158.24,152,0.23,6.01,10.07,5.04,14,43877.62512,8775.50399,TRUE,C3,110.7
7,container_ship,1994,0,224.27,217,0.24,7.03,9.86,4.31,12,54226.68017,10845.29399,FALSE,C3,96.7
8,container_ship,2000,0,36.57,31,0.25,5.32,9.5,5.69,14,43589.73713,8717.966771,TRUE,C3,116.4
5,container_ship,2023,0,57.91,52,0.24,5.67,9.97,5.34,12,43284.89027,8657.000543,FALSE,SV,117.9
6,container_ship,2013,0,141.51,135,0.23,6.28,10.41,4.82,15,24955.95238,4991.148193,FALSE,C3,130
5,container_ship,2004,0,190.9,184,0.25,6.65,9.52,4.55,13,36487.34678,7297.491846,TRUE,C3,121.6
8,container_ship,1997,0,160.35,154,0.25,6.1,9.52,4.96,13,56540.84042,11308.12939,FALSE,C3,99.9
8,container_ship,1994,0,216.81,211,0.25,5.56,9.47,5.45,14,42148.25364,8429.612035,FALSE,C3,111.6
9,container_ship,2015,0,191.9,186,0.26,5.64,9.03,5.37,14,38231.94405,7646.38881,TRUE,SV,105
7,container_ship,2007,0,225.72,220,0.24,5.48,9.76,5.53,14,59683.11984,11936.64499,TRUE,SV,106.1
7,container_ship,1995,0,233.59,227,0.23,6.36,10.36,4.76,14,42204.16079,8440.811136,TRUE,C3,120.3
12,container_ship,2002,0,243.78,235,0.23,8.55,10.09,3.54,14,39688.34784,7937.669567,FALSE,C3,101.5
4,container_ship,2017,0,137.63,132,0.24,5.39,9.92,5.62,13,55124.02868,11024.82849,TRUE,C3,115.5
12,container_ship,1994,0,305.38,299,0.23,6.15,10.06,4.92,15,49229.97981,9846.017271,TRUE,SV,103.1
3,container_ship,2002,0,101.92,96,0.24,5.68,9.76,5.33,13,24763.01112,4952.555658,FALSE,SV,130.6
7,container_ship,2006,0,195.45,190,0.26,5.19,9.03,5.83,14,36391.82066,7278.406175,TRUE,SV,125
3,container_ship,2021,0,288.1,283,0.23,4.87,10.39,6.22,15,40372.82209,8074.517852,FALSE,SV,119.3
8,container_ship,2018,0,272.69,266,0.22,6.47,10.54,4.68,15,29169.00166,5833.839025,FALSE,C3,124.3
7,container_ship,1992,0,304.21,298,0.24,5.97,9.64,5.07,12,38711.90066,7742.359109,TRUE,SV,118.9
6,container_ship,2023,0,130.57,125,0.24,5.33,9.92,5.68,12,33646.27543,6729.212802,FALSE,SV,125.4
9,container_ship,2016,0,202.85,196,0.24,6.61,9.88,4.58,14,21094.61279,4218.902997,TRUE,C3,135
4,container_ship,2002,0,200.66,194,0.23,6.43,10.18,4.71,13,36175.51006,7235.079255,TRUE,C3,128.8
11,container_ship,2022,0,170.65,164,0.22,6.43,10.84,4.71,15,17963.73628,3592.793706,TRUE,SV,125.4
1,container_ship,1995,0,217.29,211,0.22,6.07,10.58,4.99,14,39391.45909,7878.252067,TRUE,SV,115.2
3,container_ship,2013,0,115.43,109,0.24,6.19,9.81,4.89,13,61670.22001,12334.06729,FALSE,SV,111.3
3,container_ship,2008,0,81.67,75,0.23,6.44,10.27,4.7,15,54497.32037,10899.51064,FALSE,SV,111.6
6,container_ship,2005,0,140.92,134,0.22,6.7,10.63,4.52,14,30971.52486,6194.326114,TRUE,C3,125.2
8,container_ship,2017,0,71.83,66,0.23,5.6,10.2,5.41,14,15650.47507,3130.114359,TRUE,C3,123
3,container_ship,2022,0,239.58,234,0.24,5.34,10,5.67,14,25265.33295,5053.020024,FALSE,SV,110.8
